title,url,description,tags
MDN Web Docs,https://developer.mozilla.org/,Reference docs for modern web APIs.,"frontend,learning"
React Docs,https://react.dev/,Official React reference and guides.,"frontend,learning"
Next.js Docs,https://nextjs.org/docs,Framework docs for routing and rendering.,"frontend,learning"
TypeScript Handbook,https://www.typescriptlang.org/docs/,Type system guides and language reference.,"frontend,backend"
Node.js Docs,https://nodejs.org/docs/latest/api/,Runtime API documentation and examples.,"backend,learning"
Prisma Docs,https://www.prisma.io/docs,ORM guides for schema and queries.,"database,backend"
PostgreSQL Docs,https://www.postgresql.org/docs/,Official database manuals and SQL reference.,"database,learning"
OWASP Top 10,https://owasp.org/www-project-top-ten/,Security risks and prevention checklist.,"security,learning"
Cloudflare Docs,https://developers.cloudflare.com/,Edge network and security product docs.,"cloud,security"
GitHub Docs,https://docs.github.com/,Collaboration and workflow documentation.,"dev-tools,learning"
Docker Docs,https://docs.docker.com/,Container fundamentals and deployment docs.,"dev-tools,backend"
Kubernetes Docs,https://kubernetes.io/docs/,Container orchestration tutorials and references.,"cloud,backend"
Terraform Docs,https://developer.hashicorp.com/terraform/docs,Infrastructure as code documentation.,"cloud,dev-tools"
OpenAI Docs,https://platform.openai.com/docs,API references for AI integrations.,"ai,learning"
Anthropic Docs,https://docs.anthropic.com/,Developer docs for Claude API workflows.,"ai,learning"
Hugging Face Docs,https://huggingface.co/docs,Model hub and transformers documentation.,"ai,learning"
Figma Help Center,https://help.figma.com/,Design tool help articles and best practices.,"design,learning"
Tailwind CSS Docs,https://tailwindcss.com/docs,Utility first CSS framework docs.,"frontend,design"
shadcn/ui Docs,https://ui.shadcn.com/docs,Component recipes and accessibility patterns.,"frontend,design"
Radix UI Docs,https://www.radix-ui.com/primitives/docs/overview/introduction,Unstyled primitives for robust UI.,"frontend,design"
Storybook Docs,https://storybook.js.org/docs,Component development and documentation workflows.,"frontend,dev-tools"
Vitest Guide,https://vitest.dev/guide/,Fast test runner usage and configuration.,"dev-tools,frontend"
Playwright Docs,https://playwright.dev/docs/intro,End to end browser testing framework docs.,"dev-tools,frontend"
Jest Docs,https://jestjs.io/docs/getting-started,Unit testing setup and matcher references.,"dev-tools,frontend"
Cypress Docs,https://docs.cypress.io/,Browser based test automation documentation.,"dev-tools,frontend"
Sentry Docs,https://docs.sentry.io/,Error monitoring setup and observability guides.,"security,backend"
Prometheus Docs,https://prometheus.io/docs/introduction/overview/,Metrics collection and alerting reference.,"backend,cloud"
Grafana Docs,https://grafana.com/docs/,Dashboards and monitoring platform guides.,"cloud,backend"
Redis Docs,https://redis.io/docs/latest/,In memory data store docs and commands.,"database,backend"
MongoDB Docs,https://www.mongodb.com/docs/,NoSQL database references and tutorials.,"database,backend"
Supabase Docs,https://supabase.com/docs,Postgres platform docs for app backends.,"database,cloud"
Railway Docs,https://docs.railway.com/,Application hosting and deployment docs.,"cloud,dev-tools"
Render Docs,https://render.com/docs,Service deployment and hosting documentation.,"cloud,dev-tools"
Netlify Docs,https://docs.netlify.com/,Frontend hosting and edge functions docs.,"cloud,frontend"
Vite Guide,https://vitejs.dev/guide/,Build tool docs for modern frontend apps.,"frontend,dev-tools"
ESLint Docs,https://eslint.org/docs/latest/,Linting rules and flat config reference.,"dev-tools,frontend"
Prettier Docs,https://prettier.io/docs/en/,Code formatting docs and options.,"dev-tools,productivity"
Clerk Docs,https://clerk.com/docs,Authentication and user management docs.,"security,frontend"
Auth.js Docs,https://authjs.dev/getting-started,Auth workflows for modern web apps.,"security,frontend"
Stripe Docs,https://stripe.com/docs,Payments API guides and integration examples.,"backend,learning"
web.dev Learn,https://web.dev/learn/,Practical performance and web platform lessons.,"frontend,learning"
CSS Tricks,https://css-tricks.com/,Frontend articles and CSS technique guides.,"design,frontend"
Smashing Magazine,https://www.smashingmagazine.com/,Design and frontend deep dive articles.,"design,learning"
Dev.to,https://dev.to/,Developer community articles and tutorials.,"learning,productivity"
Hashnode,https://hashnode.com/,Engineering blogs and developer discussions.,"learning,productivity"
Notion Help,https://www.notion.so/help,Knowledge management docs and workflows.,"productivity,design"
Linear Docs,https://linear.app/docs,Issue tracking and team workflow guides.,"productivity,dev-tools"
Raycast Manual,https://manual.raycast.com/,Productivity launcher docs and extensions.,"productivity,dev-tools"
1Password Blog,https://blog.1password.com/,Security updates and safe workflow practices.,"security,productivity"
Google Cloud Architecture Center,https://cloud.google.com/architecture,Reference architectures and cloud patterns.,"cloud,learning"
Product Collaboration Planning Playbook,https://knowledge.bookmark-lite.dev/product-collaboration/planning/playbook,"Product Collaboration assets for cross-team planning and delivery alignment; helps teams define goals, constraints, and expected outcomes through structured decision flows and role responsibilities.","productivity,learning,strategy,playbook"
Product Collaboration Planning Checklist,https://knowledge.bookmark-lite.dev/product-collaboration/planning/checklist,"Product Collaboration assets for cross-team planning and delivery alignment; helps teams define goals, constraints, and expected outcomes through critical quality gates for daily execution.","productivity,learning,strategy,checklist"
Product Collaboration Planning Template,https://knowledge.bookmark-lite.dev/product-collaboration/planning/template,"Product Collaboration assets for cross-team planning and delivery alignment; helps teams define goals, constraints, and expected outcomes through reusable artifacts for consistent handoff and review.","productivity,learning,strategy,template"
Product Collaboration Planning Metrics Deck,https://knowledge.bookmark-lite.dev/product-collaboration/planning/metrics,"Product Collaboration assets for cross-team planning and delivery alignment; helps teams define goals, constraints, and expected outcomes through core KPIs, baselines, and trend interpretations.","productivity,learning,strategy,metrics"
Product Collaboration Build Playbook,https://knowledge.bookmark-lite.dev/product-collaboration/build/playbook,Product Collaboration assets for cross-team planning and delivery alignment; helps teams implement workflows and engineering standards through structured decision flows and role responsibilities.,"productivity,dev-tools,delivery,playbook"
Product Collaboration Build Checklist,https://knowledge.bookmark-lite.dev/product-collaboration/build/checklist,Product Collaboration assets for cross-team planning and delivery alignment; helps teams implement workflows and engineering standards through critical quality gates for daily execution.,"productivity,dev-tools,delivery,checklist"
Product Collaboration Build Template,https://knowledge.bookmark-lite.dev/product-collaboration/build/template,Product Collaboration assets for cross-team planning and delivery alignment; helps teams implement workflows and engineering standards through reusable artifacts for consistent handoff and review.,"productivity,dev-tools,delivery,template"
Product Collaboration Build Metrics Deck,https://knowledge.bookmark-lite.dev/product-collaboration/build/metrics,"Product Collaboration assets for cross-team planning and delivery alignment; helps teams implement workflows and engineering standards through core KPIs, baselines, and trend interpretations.","productivity,dev-tools,delivery,metrics"
Product Collaboration Launch Playbook,https://knowledge.bookmark-lite.dev/product-collaboration/launch/playbook,Product Collaboration assets for cross-team planning and delivery alignment; helps teams review readiness and release controls through structured decision flows and role responsibilities.,"productivity,security,release,playbook"
Product Collaboration Launch Checklist,https://knowledge.bookmark-lite.dev/product-collaboration/launch/checklist,Product Collaboration assets for cross-team planning and delivery alignment; helps teams review readiness and release controls through critical quality gates for daily execution.,"productivity,security,release,checklist"
Product Collaboration Launch Template,https://knowledge.bookmark-lite.dev/product-collaboration/launch/template,Product Collaboration assets for cross-team planning and delivery alignment; helps teams review readiness and release controls through reusable artifacts for consistent handoff and review.,"productivity,security,release,template"
Product Collaboration Launch Metrics Deck,https://knowledge.bookmark-lite.dev/product-collaboration/launch/metrics,"Product Collaboration assets for cross-team planning and delivery alignment; helps teams review readiness and release controls through core KPIs, baselines, and trend interpretations.","productivity,security,release,metrics"
Product Collaboration Operate Playbook,https://knowledge.bookmark-lite.dev/product-collaboration/operate/playbook,Product Collaboration assets for cross-team planning and delivery alignment; helps teams run production operations and reliability routines through structured decision flows and role responsibilities.,"productivity,cloud,operations,playbook"
Product Collaboration Operate Checklist,https://knowledge.bookmark-lite.dev/product-collaboration/operate/checklist,Product Collaboration assets for cross-team planning and delivery alignment; helps teams run production operations and reliability routines through critical quality gates for daily execution.,"productivity,cloud,operations,checklist"
Product Collaboration Operate Template,https://knowledge.bookmark-lite.dev/product-collaboration/operate/template,Product Collaboration assets for cross-team planning and delivery alignment; helps teams run production operations and reliability routines through reusable artifacts for consistent handoff and review.,"productivity,cloud,operations,template"
Product Collaboration Operate Metrics Deck,https://knowledge.bookmark-lite.dev/product-collaboration/operate/metrics,"Product Collaboration assets for cross-team planning and delivery alignment; helps teams run production operations and reliability routines through core KPIs, baselines, and trend interpretations.","productivity,cloud,operations,metrics"
Product Collaboration Optimize Playbook,https://knowledge.bookmark-lite.dev/product-collaboration/optimize/playbook,Product Collaboration assets for cross-team planning and delivery alignment; helps teams improve efficiency and feedback loops continuously through structured decision flows and role responsibilities.,"productivity,learning,optimization,playbook"
Product Collaboration Optimize Checklist,https://knowledge.bookmark-lite.dev/product-collaboration/optimize/checklist,Product Collaboration assets for cross-team planning and delivery alignment; helps teams improve efficiency and feedback loops continuously through critical quality gates for daily execution.,"productivity,learning,optimization,checklist"
Product Collaboration Optimize Template,https://knowledge.bookmark-lite.dev/product-collaboration/optimize/template,Product Collaboration assets for cross-team planning and delivery alignment; helps teams improve efficiency and feedback loops continuously through reusable artifacts for consistent handoff and review.,"productivity,learning,optimization,template"
Product Collaboration Optimize Metrics Deck,https://knowledge.bookmark-lite.dev/product-collaboration/optimize/metrics,"Product Collaboration assets for cross-team planning and delivery alignment; helps teams improve efficiency and feedback loops continuously through core KPIs, baselines, and trend interpretations.","productivity,learning,optimization,metrics"
Engineering Platform Planning Playbook,https://knowledge.bookmark-lite.dev/engineering-platform/planning/playbook,"Engineering Platform assets for developer workflow and platform engineering standards; helps teams define goals, constraints, and expected outcomes through structured decision flows and role responsibilities.","dev-tools,learning,strategy,playbook"
Engineering Platform Planning Checklist,https://knowledge.bookmark-lite.dev/engineering-platform/planning/checklist,"Engineering Platform assets for developer workflow and platform engineering standards; helps teams define goals, constraints, and expected outcomes through critical quality gates for daily execution.","dev-tools,learning,strategy,checklist"
Engineering Platform Planning Template,https://knowledge.bookmark-lite.dev/engineering-platform/planning/template,"Engineering Platform assets for developer workflow and platform engineering standards; helps teams define goals, constraints, and expected outcomes through reusable artifacts for consistent handoff and review.","dev-tools,learning,strategy,template"
Engineering Platform Planning Metrics Deck,https://knowledge.bookmark-lite.dev/engineering-platform/planning/metrics,"Engineering Platform assets for developer workflow and platform engineering standards; helps teams define goals, constraints, and expected outcomes through core KPIs, baselines, and trend interpretations.","dev-tools,learning,strategy,metrics"
Engineering Platform Build Playbook,https://knowledge.bookmark-lite.dev/engineering-platform/build/playbook,Engineering Platform assets for developer workflow and platform engineering standards; helps teams implement workflows and engineering standards through structured decision flows and role responsibilities.,"dev-tools,backend,delivery,playbook"
Engineering Platform Build Checklist,https://knowledge.bookmark-lite.dev/engineering-platform/build/checklist,Engineering Platform assets for developer workflow and platform engineering standards; helps teams implement workflows and engineering standards through critical quality gates for daily execution.,"dev-tools,backend,delivery,checklist"
Engineering Platform Build Template,https://knowledge.bookmark-lite.dev/engineering-platform/build/template,Engineering Platform assets for developer workflow and platform engineering standards; helps teams implement workflows and engineering standards through reusable artifacts for consistent handoff and review.,"dev-tools,backend,delivery,template"
Engineering Platform Build Metrics Deck,https://knowledge.bookmark-lite.dev/engineering-platform/build/metrics,"Engineering Platform assets for developer workflow and platform engineering standards; helps teams implement workflows and engineering standards through core KPIs, baselines, and trend interpretations.","dev-tools,backend,delivery,metrics"
Engineering Platform Launch Playbook,https://knowledge.bookmark-lite.dev/engineering-platform/launch/playbook,Engineering Platform assets for developer workflow and platform engineering standards; helps teams review readiness and release controls through structured decision flows and role responsibilities.,"dev-tools,security,release,playbook"
Engineering Platform Launch Checklist,https://knowledge.bookmark-lite.dev/engineering-platform/launch/checklist,Engineering Platform assets for developer workflow and platform engineering standards; helps teams review readiness and release controls through critical quality gates for daily execution.,"dev-tools,security,release,checklist"
Engineering Platform Launch Template,https://knowledge.bookmark-lite.dev/engineering-platform/launch/template,Engineering Platform assets for developer workflow and platform engineering standards; helps teams review readiness and release controls through reusable artifacts for consistent handoff and review.,"dev-tools,security,release,template"
Engineering Platform Launch Metrics Deck,https://knowledge.bookmark-lite.dev/engineering-platform/launch/metrics,"Engineering Platform assets for developer workflow and platform engineering standards; helps teams review readiness and release controls through core KPIs, baselines, and trend interpretations.","dev-tools,security,release,metrics"
Engineering Platform Operate Playbook,https://knowledge.bookmark-lite.dev/engineering-platform/operate/playbook,Engineering Platform assets for developer workflow and platform engineering standards; helps teams run production operations and reliability routines through structured decision flows and role responsibilities.,"dev-tools,cloud,operations,playbook"
Engineering Platform Operate Checklist,https://knowledge.bookmark-lite.dev/engineering-platform/operate/checklist,Engineering Platform assets for developer workflow and platform engineering standards; helps teams run production operations and reliability routines through critical quality gates for daily execution.,"dev-tools,cloud,operations,checklist"
Engineering Platform Operate Template,https://knowledge.bookmark-lite.dev/engineering-platform/operate/template,Engineering Platform assets for developer workflow and platform engineering standards; helps teams run production operations and reliability routines through reusable artifacts for consistent handoff and review.,"dev-tools,cloud,operations,template"
Engineering Platform Operate Metrics Deck,https://knowledge.bookmark-lite.dev/engineering-platform/operate/metrics,"Engineering Platform assets for developer workflow and platform engineering standards; helps teams run production operations and reliability routines through core KPIs, baselines, and trend interpretations.","dev-tools,cloud,operations,metrics"
Engineering Platform Optimize Playbook,https://knowledge.bookmark-lite.dev/engineering-platform/optimize/playbook,Engineering Platform assets for developer workflow and platform engineering standards; helps teams improve efficiency and feedback loops continuously through structured decision flows and role responsibilities.,"dev-tools,productivity,optimization,playbook"
Engineering Platform Optimize Checklist,https://knowledge.bookmark-lite.dev/engineering-platform/optimize/checklist,Engineering Platform assets for developer workflow and platform engineering standards; helps teams improve efficiency and feedback loops continuously through critical quality gates for daily execution.,"dev-tools,productivity,optimization,checklist"
Engineering Platform Optimize Template,https://knowledge.bookmark-lite.dev/engineering-platform/optimize/template,Engineering Platform assets for developer workflow and platform engineering standards; helps teams improve efficiency and feedback loops continuously through reusable artifacts for consistent handoff and review.,"dev-tools,productivity,optimization,template"
Engineering Platform Optimize Metrics Deck,https://knowledge.bookmark-lite.dev/engineering-platform/optimize/metrics,"Engineering Platform assets for developer workflow and platform engineering standards; helps teams improve efficiency and feedback loops continuously through core KPIs, baselines, and trend interpretations.","dev-tools,productivity,optimization,metrics"
Frontend Experience Planning Playbook,https://knowledge.bookmark-lite.dev/frontend-experience/planning/playbook,"Frontend Experience assets for user-facing interface quality and interaction consistency; helps teams define goals, constraints, and expected outcomes through structured decision flows and role responsibilities.","frontend,learning,strategy,playbook"
Frontend Experience Planning Checklist,https://knowledge.bookmark-lite.dev/frontend-experience/planning/checklist,"Frontend Experience assets for user-facing interface quality and interaction consistency; helps teams define goals, constraints, and expected outcomes through critical quality gates for daily execution.","frontend,learning,strategy,checklist"
Frontend Experience Planning Template,https://knowledge.bookmark-lite.dev/frontend-experience/planning/template,"Frontend Experience assets for user-facing interface quality and interaction consistency; helps teams define goals, constraints, and expected outcomes through reusable artifacts for consistent handoff and review.","frontend,learning,strategy,template"
Frontend Experience Planning Metrics Deck,https://knowledge.bookmark-lite.dev/frontend-experience/planning/metrics,"Frontend Experience assets for user-facing interface quality and interaction consistency; helps teams define goals, constraints, and expected outcomes through core KPIs, baselines, and trend interpretations.","frontend,learning,strategy,metrics"
Frontend Experience Build Playbook,https://knowledge.bookmark-lite.dev/frontend-experience/build/playbook,Frontend Experience assets for user-facing interface quality and interaction consistency; helps teams implement workflows and engineering standards through structured decision flows and role responsibilities.,"frontend,dev-tools,delivery,playbook"
Frontend Experience Build Checklist,https://knowledge.bookmark-lite.dev/frontend-experience/build/checklist,Frontend Experience assets for user-facing interface quality and interaction consistency; helps teams implement workflows and engineering standards through critical quality gates for daily execution.,"frontend,dev-tools,delivery,checklist"
Frontend Experience Build Template,https://knowledge.bookmark-lite.dev/frontend-experience/build/template,Frontend Experience assets for user-facing interface quality and interaction consistency; helps teams implement workflows and engineering standards through reusable artifacts for consistent handoff and review.,"frontend,dev-tools,delivery,template"
Frontend Experience Build Metrics Deck,https://knowledge.bookmark-lite.dev/frontend-experience/build/metrics,"Frontend Experience assets for user-facing interface quality and interaction consistency; helps teams implement workflows and engineering standards through core KPIs, baselines, and trend interpretations.","frontend,dev-tools,delivery,metrics"
Frontend Experience Launch Playbook,https://knowledge.bookmark-lite.dev/frontend-experience/launch/playbook,Frontend Experience assets for user-facing interface quality and interaction consistency; helps teams review readiness and release controls through structured decision flows and role responsibilities.,"frontend,security,release,playbook"
Frontend Experience Launch Checklist,https://knowledge.bookmark-lite.dev/frontend-experience/launch/checklist,Frontend Experience assets for user-facing interface quality and interaction consistency; helps teams review readiness and release controls through critical quality gates for daily execution.,"frontend,security,release,checklist"
Frontend Experience Launch Template,https://knowledge.bookmark-lite.dev/frontend-experience/launch/template,Frontend Experience assets for user-facing interface quality and interaction consistency; helps teams review readiness and release controls through reusable artifacts for consistent handoff and review.,"frontend,security,release,template"
Frontend Experience Launch Metrics Deck,https://knowledge.bookmark-lite.dev/frontend-experience/launch/metrics,"Frontend Experience assets for user-facing interface quality and interaction consistency; helps teams review readiness and release controls through core KPIs, baselines, and trend interpretations.","frontend,security,release,metrics"
Frontend Experience Operate Playbook,https://knowledge.bookmark-lite.dev/frontend-experience/operate/playbook,Frontend Experience assets for user-facing interface quality and interaction consistency; helps teams run production operations and reliability routines through structured decision flows and role responsibilities.,"frontend,cloud,operations,playbook"
Frontend Experience Operate Checklist,https://knowledge.bookmark-lite.dev/frontend-experience/operate/checklist,Frontend Experience assets for user-facing interface quality and interaction consistency; helps teams run production operations and reliability routines through critical quality gates for daily execution.,"frontend,cloud,operations,checklist"
Frontend Experience Operate Template,https://knowledge.bookmark-lite.dev/frontend-experience/operate/template,Frontend Experience assets for user-facing interface quality and interaction consistency; helps teams run production operations and reliability routines through reusable artifacts for consistent handoff and review.,"frontend,cloud,operations,template"
Frontend Experience Operate Metrics Deck,https://knowledge.bookmark-lite.dev/frontend-experience/operate/metrics,"Frontend Experience assets for user-facing interface quality and interaction consistency; helps teams run production operations and reliability routines through core KPIs, baselines, and trend interpretations.","frontend,cloud,operations,metrics"
Frontend Experience Optimize Playbook,https://knowledge.bookmark-lite.dev/frontend-experience/optimize/playbook,Frontend Experience assets for user-facing interface quality and interaction consistency; helps teams improve efficiency and feedback loops continuously through structured decision flows and role responsibilities.,"frontend,productivity,optimization,playbook"
Frontend Experience Optimize Checklist,https://knowledge.bookmark-lite.dev/frontend-experience/optimize/checklist,Frontend Experience assets for user-facing interface quality and interaction consistency; helps teams improve efficiency and feedback loops continuously through critical quality gates for daily execution.,"frontend,productivity,optimization,checklist"
Frontend Experience Optimize Template,https://knowledge.bookmark-lite.dev/frontend-experience/optimize/template,Frontend Experience assets for user-facing interface quality and interaction consistency; helps teams improve efficiency and feedback loops continuously through reusable artifacts for consistent handoff and review.,"frontend,productivity,optimization,template"
Frontend Experience Optimize Metrics Deck,https://knowledge.bookmark-lite.dev/frontend-experience/optimize/metrics,"Frontend Experience assets for user-facing interface quality and interaction consistency; helps teams improve efficiency and feedback loops continuously through core KPIs, baselines, and trend interpretations.","frontend,productivity,optimization,metrics"
Backend Services Planning Playbook,https://knowledge.bookmark-lite.dev/backend-services/planning/playbook,"Backend Services assets for service contracts and API reliability management; helps teams define goals, constraints, and expected outcomes through structured decision flows and role responsibilities.","backend,learning,strategy,playbook"
Backend Services Planning Checklist,https://knowledge.bookmark-lite.dev/backend-services/planning/checklist,"Backend Services assets for service contracts and API reliability management; helps teams define goals, constraints, and expected outcomes through critical quality gates for daily execution.","backend,learning,strategy,checklist"
Backend Services Planning Template,https://knowledge.bookmark-lite.dev/backend-services/planning/template,"Backend Services assets for service contracts and API reliability management; helps teams define goals, constraints, and expected outcomes through reusable artifacts for consistent handoff and review.","backend,learning,strategy,template"
Backend Services Planning Metrics Deck,https://knowledge.bookmark-lite.dev/backend-services/planning/metrics,"Backend Services assets for service contracts and API reliability management; helps teams define goals, constraints, and expected outcomes through core KPIs, baselines, and trend interpretations.","backend,learning,strategy,metrics"
Backend Services Build Playbook,https://knowledge.bookmark-lite.dev/backend-services/build/playbook,Backend Services assets for service contracts and API reliability management; helps teams implement workflows and engineering standards through structured decision flows and role responsibilities.,"backend,dev-tools,delivery,playbook"
Backend Services Build Checklist,https://knowledge.bookmark-lite.dev/backend-services/build/checklist,Backend Services assets for service contracts and API reliability management; helps teams implement workflows and engineering standards through critical quality gates for daily execution.,"backend,dev-tools,delivery,checklist"
Backend Services Build Template,https://knowledge.bookmark-lite.dev/backend-services/build/template,Backend Services assets for service contracts and API reliability management; helps teams implement workflows and engineering standards through reusable artifacts for consistent handoff and review.,"backend,dev-tools,delivery,template"
Backend Services Build Metrics Deck,https://knowledge.bookmark-lite.dev/backend-services/build/metrics,"Backend Services assets for service contracts and API reliability management; helps teams implement workflows and engineering standards through core KPIs, baselines, and trend interpretations.","backend,dev-tools,delivery,metrics"
Backend Services Launch Playbook,https://knowledge.bookmark-lite.dev/backend-services/launch/playbook,Backend Services assets for service contracts and API reliability management; helps teams review readiness and release controls through structured decision flows and role responsibilities.,"backend,security,release,playbook"
Backend Services Launch Checklist,https://knowledge.bookmark-lite.dev/backend-services/launch/checklist,Backend Services assets for service contracts and API reliability management; helps teams review readiness and release controls through critical quality gates for daily execution.,"backend,security,release,checklist"
Backend Services Launch Template,https://knowledge.bookmark-lite.dev/backend-services/launch/template,Backend Services assets for service contracts and API reliability management; helps teams review readiness and release controls through reusable artifacts for consistent handoff and review.,"backend,security,release,template"
Backend Services Launch Metrics Deck,https://knowledge.bookmark-lite.dev/backend-services/launch/metrics,"Backend Services assets for service contracts and API reliability management; helps teams review readiness and release controls through core KPIs, baselines, and trend interpretations.","backend,security,release,metrics"
Backend Services Operate Playbook,https://knowledge.bookmark-lite.dev/backend-services/operate/playbook,Backend Services assets for service contracts and API reliability management; helps teams run production operations and reliability routines through structured decision flows and role responsibilities.,"backend,cloud,operations,playbook"
Backend Services Operate Checklist,https://knowledge.bookmark-lite.dev/backend-services/operate/checklist,Backend Services assets for service contracts and API reliability management; helps teams run production operations and reliability routines through critical quality gates for daily execution.,"backend,cloud,operations,checklist"
Backend Services Operate Template,https://knowledge.bookmark-lite.dev/backend-services/operate/template,Backend Services assets for service contracts and API reliability management; helps teams run production operations and reliability routines through reusable artifacts for consistent handoff and review.,"backend,cloud,operations,template"
Backend Services Operate Metrics Deck,https://knowledge.bookmark-lite.dev/backend-services/operate/metrics,"Backend Services assets for service contracts and API reliability management; helps teams run production operations and reliability routines through core KPIs, baselines, and trend interpretations.","backend,cloud,operations,metrics"
Backend Services Optimize Playbook,https://knowledge.bookmark-lite.dev/backend-services/optimize/playbook,Backend Services assets for service contracts and API reliability management; helps teams improve efficiency and feedback loops continuously through structured decision flows and role responsibilities.,"backend,productivity,optimization,playbook"
Backend Services Optimize Checklist,https://knowledge.bookmark-lite.dev/backend-services/optimize/checklist,Backend Services assets for service contracts and API reliability management; helps teams improve efficiency and feedback loops continuously through critical quality gates for daily execution.,"backend,productivity,optimization,checklist"
Backend Services Optimize Template,https://knowledge.bookmark-lite.dev/backend-services/optimize/template,Backend Services assets for service contracts and API reliability management; helps teams improve efficiency and feedback loops continuously through reusable artifacts for consistent handoff and review.,"backend,productivity,optimization,template"
Backend Services Optimize Metrics Deck,https://knowledge.bookmark-lite.dev/backend-services/optimize/metrics,"Backend Services assets for service contracts and API reliability management; helps teams improve efficiency and feedback loops continuously through core KPIs, baselines, and trend interpretations.","backend,productivity,optimization,metrics"
Data Platform Planning Playbook,https://knowledge.bookmark-lite.dev/data-platform/planning/playbook,"Data Platform assets for data modeling, governance, and query performance; helps teams define goals, constraints, and expected outcomes through structured decision flows and role responsibilities.","database,learning,strategy,playbook,governance"
Data Platform Planning Checklist,https://knowledge.bookmark-lite.dev/data-platform/planning/checklist,"Data Platform assets for data modeling, governance, and query performance; helps teams define goals, constraints, and expected outcomes through critical quality gates for daily execution.","database,learning,strategy,checklist,governance"
Data Platform Planning Template,https://knowledge.bookmark-lite.dev/data-platform/planning/template,"Data Platform assets for data modeling, governance, and query performance; helps teams define goals, constraints, and expected outcomes through reusable artifacts for consistent handoff and review.","database,learning,strategy,template,governance"
Data Platform Planning Metrics Deck,https://knowledge.bookmark-lite.dev/data-platform/planning/metrics,"Data Platform assets for data modeling, governance, and query performance; helps teams define goals, constraints, and expected outcomes through core KPIs, baselines, and trend interpretations.","database,learning,strategy,metrics,governance"
Data Platform Build Playbook,https://knowledge.bookmark-lite.dev/data-platform/build/playbook,"Data Platform assets for data modeling, governance, and query performance; helps teams implement workflows and engineering standards through structured decision flows and role responsibilities.","database,dev-tools,delivery,playbook,governance"
Data Platform Build Checklist,https://knowledge.bookmark-lite.dev/data-platform/build/checklist,"Data Platform assets for data modeling, governance, and query performance; helps teams implement workflows and engineering standards through critical quality gates for daily execution.","database,dev-tools,delivery,checklist,governance"
Data Platform Build Template,https://knowledge.bookmark-lite.dev/data-platform/build/template,"Data Platform assets for data modeling, governance, and query performance; helps teams implement workflows and engineering standards through reusable artifacts for consistent handoff and review.","database,dev-tools,delivery,template,governance"
Data Platform Build Metrics Deck,https://knowledge.bookmark-lite.dev/data-platform/build/metrics,"Data Platform assets for data modeling, governance, and query performance; helps teams implement workflows and engineering standards through core KPIs, baselines, and trend interpretations.","database,dev-tools,delivery,metrics,governance"
Data Platform Launch Playbook,https://knowledge.bookmark-lite.dev/data-platform/launch/playbook,"Data Platform assets for data modeling, governance, and query performance; helps teams review readiness and release controls through structured decision flows and role responsibilities.","database,security,release,playbook,governance"
Data Platform Launch Checklist,https://knowledge.bookmark-lite.dev/data-platform/launch/checklist,"Data Platform assets for data modeling, governance, and query performance; helps teams review readiness and release controls through critical quality gates for daily execution.","database,security,release,checklist,governance"
Data Platform Launch Template,https://knowledge.bookmark-lite.dev/data-platform/launch/template,"Data Platform assets for data modeling, governance, and query performance; helps teams review readiness and release controls through reusable artifacts for consistent handoff and review.","database,security,release,template,governance"
Data Platform Launch Metrics Deck,https://knowledge.bookmark-lite.dev/data-platform/launch/metrics,"Data Platform assets for data modeling, governance, and query performance; helps teams review readiness and release controls through core KPIs, baselines, and trend interpretations.","database,security,release,metrics,governance"
Data Platform Operate Playbook,https://knowledge.bookmark-lite.dev/data-platform/operate/playbook,"Data Platform assets for data modeling, governance, and query performance; helps teams run production operations and reliability routines through structured decision flows and role responsibilities.","database,cloud,operations,playbook,governance"
Data Platform Operate Checklist,https://knowledge.bookmark-lite.dev/data-platform/operate/checklist,"Data Platform assets for data modeling, governance, and query performance; helps teams run production operations and reliability routines through critical quality gates for daily execution.","database,cloud,operations,checklist,governance"
Data Platform Operate Template,https://knowledge.bookmark-lite.dev/data-platform/operate/template,"Data Platform assets for data modeling, governance, and query performance; helps teams run production operations and reliability routines through reusable artifacts for consistent handoff and review.","database,cloud,operations,template,governance"
Data Platform Operate Metrics Deck,https://knowledge.bookmark-lite.dev/data-platform/operate/metrics,"Data Platform assets for data modeling, governance, and query performance; helps teams run production operations and reliability routines through core KPIs, baselines, and trend interpretations.","database,cloud,operations,metrics,governance"
Data Platform Optimize Playbook,https://knowledge.bookmark-lite.dev/data-platform/optimize/playbook,"Data Platform assets for data modeling, governance, and query performance; helps teams improve efficiency and feedback loops continuously through structured decision flows and role responsibilities.","database,productivity,optimization,playbook,governance"
Data Platform Optimize Checklist,https://knowledge.bookmark-lite.dev/data-platform/optimize/checklist,"Data Platform assets for data modeling, governance, and query performance; helps teams improve efficiency and feedback loops continuously through critical quality gates for daily execution.","database,productivity,optimization,checklist,governance"
Data Platform Optimize Template,https://knowledge.bookmark-lite.dev/data-platform/optimize/template,"Data Platform assets for data modeling, governance, and query performance; helps teams improve efficiency and feedback loops continuously through reusable artifacts for consistent handoff and review.","database,productivity,optimization,template,governance"
Data Platform Optimize Metrics Deck,https://knowledge.bookmark-lite.dev/data-platform/optimize/metrics,"Data Platform assets for data modeling, governance, and query performance; helps teams improve efficiency and feedback loops continuously through core KPIs, baselines, and trend interpretations.","database,productivity,optimization,metrics,governance"
AI Applications Planning Playbook,https://knowledge.bookmark-lite.dev/ai-applications/planning/playbook,"AI Applications assets for LLM integration quality, evaluation, and release safety; helps teams define goals, constraints, and expected outcomes through structured decision flows and role responsibilities.","ai,learning,strategy,playbook"
AI Applications Planning Checklist,https://knowledge.bookmark-lite.dev/ai-applications/planning/checklist,"AI Applications assets for LLM integration quality, evaluation, and release safety; helps teams define goals, constraints, and expected outcomes through critical quality gates for daily execution.","ai,learning,strategy,checklist"
AI Applications Planning Template,https://knowledge.bookmark-lite.dev/ai-applications/planning/template,"AI Applications assets for LLM integration quality, evaluation, and release safety; helps teams define goals, constraints, and expected outcomes through reusable artifacts for consistent handoff and review.","ai,learning,strategy,template"
AI Applications Planning Metrics Deck,https://knowledge.bookmark-lite.dev/ai-applications/planning/metrics,"AI Applications assets for LLM integration quality, evaluation, and release safety; helps teams define goals, constraints, and expected outcomes through core KPIs, baselines, and trend interpretations.","ai,learning,strategy,metrics"
AI Applications Build Playbook,https://knowledge.bookmark-lite.dev/ai-applications/build/playbook,"AI Applications assets for LLM integration quality, evaluation, and release safety; helps teams implement workflows and engineering standards through structured decision flows and role responsibilities.","ai,dev-tools,delivery,playbook"
AI Applications Build Checklist,https://knowledge.bookmark-lite.dev/ai-applications/build/checklist,"AI Applications assets for LLM integration quality, evaluation, and release safety; helps teams implement workflows and engineering standards through critical quality gates for daily execution.","ai,dev-tools,delivery,checklist"
AI Applications Build Template,https://knowledge.bookmark-lite.dev/ai-applications/build/template,"AI Applications assets for LLM integration quality, evaluation, and release safety; helps teams implement workflows and engineering standards through reusable artifacts for consistent handoff and review.","ai,dev-tools,delivery,template"
AI Applications Build Metrics Deck,https://knowledge.bookmark-lite.dev/ai-applications/build/metrics,"AI Applications assets for LLM integration quality, evaluation, and release safety; helps teams implement workflows and engineering standards through core KPIs, baselines, and trend interpretations.","ai,dev-tools,delivery,metrics"
AI Applications Launch Playbook,https://knowledge.bookmark-lite.dev/ai-applications/launch/playbook,"AI Applications assets for LLM integration quality, evaluation, and release safety; helps teams review readiness and release controls through structured decision flows and role responsibilities.","ai,security,release,playbook"
AI Applications Launch Checklist,https://knowledge.bookmark-lite.dev/ai-applications/launch/checklist,"AI Applications assets for LLM integration quality, evaluation, and release safety; helps teams review readiness and release controls through critical quality gates for daily execution.","ai,security,release,checklist"
AI Applications Launch Template,https://knowledge.bookmark-lite.dev/ai-applications/launch/template,"AI Applications assets for LLM integration quality, evaluation, and release safety; helps teams review readiness and release controls through reusable artifacts for consistent handoff and review.","ai,security,release,template"
AI Applications Launch Metrics Deck,https://knowledge.bookmark-lite.dev/ai-applications/launch/metrics,"AI Applications assets for LLM integration quality, evaluation, and release safety; helps teams review readiness and release controls through core KPIs, baselines, and trend interpretations.","ai,security,release,metrics"
AI Applications Operate Playbook,https://knowledge.bookmark-lite.dev/ai-applications/operate/playbook,"AI Applications assets for LLM integration quality, evaluation, and release safety; helps teams run production operations and reliability routines through structured decision flows and role responsibilities.","ai,cloud,operations,playbook"
AI Applications Operate Checklist,https://knowledge.bookmark-lite.dev/ai-applications/operate/checklist,"AI Applications assets for LLM integration quality, evaluation, and release safety; helps teams run production operations and reliability routines through critical quality gates for daily execution.","ai,cloud,operations,checklist"
AI Applications Operate Template,https://knowledge.bookmark-lite.dev/ai-applications/operate/template,"AI Applications assets for LLM integration quality, evaluation, and release safety; helps teams run production operations and reliability routines through reusable artifacts for consistent handoff and review.","ai,cloud,operations,template"
AI Applications Operate Metrics Deck,https://knowledge.bookmark-lite.dev/ai-applications/operate/metrics,"AI Applications assets for LLM integration quality, evaluation, and release safety; helps teams run production operations and reliability routines through core KPIs, baselines, and trend interpretations.","ai,cloud,operations,metrics"
AI Applications Optimize Playbook,https://knowledge.bookmark-lite.dev/ai-applications/optimize/playbook,"AI Applications assets for LLM integration quality, evaluation, and release safety; helps teams improve efficiency and feedback loops continuously through structured decision flows and role responsibilities.","ai,productivity,optimization,playbook"
AI Applications Optimize Checklist,https://knowledge.bookmark-lite.dev/ai-applications/optimize/checklist,"AI Applications assets for LLM integration quality, evaluation, and release safety; helps teams improve efficiency and feedback loops continuously through critical quality gates for daily execution.","ai,productivity,optimization,checklist"
AI Applications Optimize Template,https://knowledge.bookmark-lite.dev/ai-applications/optimize/template,"AI Applications assets for LLM integration quality, evaluation, and release safety; helps teams improve efficiency and feedback loops continuously through reusable artifacts for consistent handoff and review.","ai,productivity,optimization,template"
AI Applications Optimize Metrics Deck,https://knowledge.bookmark-lite.dev/ai-applications/optimize/metrics,"AI Applications assets for LLM integration quality, evaluation, and release safety; helps teams improve efficiency and feedback loops continuously through core KPIs, baselines, and trend interpretations.","ai,productivity,optimization,metrics"
Design System Planning Playbook,https://knowledge.bookmark-lite.dev/design-system/planning/playbook,"Design System assets for visual language consistency and reusable component patterns; helps teams define goals, constraints, and expected outcomes through structured decision flows and role responsibilities.","design,learning,strategy,playbook"
Design System Planning Checklist,https://knowledge.bookmark-lite.dev/design-system/planning/checklist,"Design System assets for visual language consistency and reusable component patterns; helps teams define goals, constraints, and expected outcomes through critical quality gates for daily execution.","design,learning,strategy,checklist"
Design System Planning Template,https://knowledge.bookmark-lite.dev/design-system/planning/template,"Design System assets for visual language consistency and reusable component patterns; helps teams define goals, constraints, and expected outcomes through reusable artifacts for consistent handoff and review.","design,learning,strategy,template"
Design System Planning Metrics Deck,https://knowledge.bookmark-lite.dev/design-system/planning/metrics,"Design System assets for visual language consistency and reusable component patterns; helps teams define goals, constraints, and expected outcomes through core KPIs, baselines, and trend interpretations.","design,learning,strategy,metrics"
Design System Build Playbook,https://knowledge.bookmark-lite.dev/design-system/build/playbook,Design System assets for visual language consistency and reusable component patterns; helps teams implement workflows and engineering standards through structured decision flows and role responsibilities.,"design,dev-tools,delivery,playbook"
Design System Build Checklist,https://knowledge.bookmark-lite.dev/design-system/build/checklist,Design System assets for visual language consistency and reusable component patterns; helps teams implement workflows and engineering standards through critical quality gates for daily execution.,"design,dev-tools,delivery,checklist"
Design System Build Template,https://knowledge.bookmark-lite.dev/design-system/build/template,Design System assets for visual language consistency and reusable component patterns; helps teams implement workflows and engineering standards through reusable artifacts for consistent handoff and review.,"design,dev-tools,delivery,template"
Design System Build Metrics Deck,https://knowledge.bookmark-lite.dev/design-system/build/metrics,"Design System assets for visual language consistency and reusable component patterns; helps teams implement workflows and engineering standards through core KPIs, baselines, and trend interpretations.","design,dev-tools,delivery,metrics"
Design System Launch Playbook,https://knowledge.bookmark-lite.dev/design-system/launch/playbook,Design System assets for visual language consistency and reusable component patterns; helps teams review readiness and release controls through structured decision flows and role responsibilities.,"design,security,release,playbook"
Design System Launch Checklist,https://knowledge.bookmark-lite.dev/design-system/launch/checklist,Design System assets for visual language consistency and reusable component patterns; helps teams review readiness and release controls through critical quality gates for daily execution.,"design,security,release,checklist"
Design System Launch Template,https://knowledge.bookmark-lite.dev/design-system/launch/template,Design System assets for visual language consistency and reusable component patterns; helps teams review readiness and release controls through reusable artifacts for consistent handoff and review.,"design,security,release,template"
Design System Launch Metrics Deck,https://knowledge.bookmark-lite.dev/design-system/launch/metrics,"Design System assets for visual language consistency and reusable component patterns; helps teams review readiness and release controls through core KPIs, baselines, and trend interpretations.","design,security,release,metrics"
Design System Operate Playbook,https://knowledge.bookmark-lite.dev/design-system/operate/playbook,Design System assets for visual language consistency and reusable component patterns; helps teams run production operations and reliability routines through structured decision flows and role responsibilities.,"design,cloud,operations,playbook"
Design System Operate Checklist,https://knowledge.bookmark-lite.dev/design-system/operate/checklist,Design System assets for visual language consistency and reusable component patterns; helps teams run production operations and reliability routines through critical quality gates for daily execution.,"design,cloud,operations,checklist"
Design System Operate Template,https://knowledge.bookmark-lite.dev/design-system/operate/template,Design System assets for visual language consistency and reusable component patterns; helps teams run production operations and reliability routines through reusable artifacts for consistent handoff and review.,"design,cloud,operations,template"
Design System Operate Metrics Deck,https://knowledge.bookmark-lite.dev/design-system/operate/metrics,"Design System assets for visual language consistency and reusable component patterns; helps teams run production operations and reliability routines through core KPIs, baselines, and trend interpretations.","design,cloud,operations,metrics"
Design System Optimize Playbook,https://knowledge.bookmark-lite.dev/design-system/optimize/playbook,Design System assets for visual language consistency and reusable component patterns; helps teams improve efficiency and feedback loops continuously through structured decision flows and role responsibilities.,"design,productivity,optimization,playbook"
Design System Optimize Checklist,https://knowledge.bookmark-lite.dev/design-system/optimize/checklist,Design System assets for visual language consistency and reusable component patterns; helps teams improve efficiency and feedback loops continuously through critical quality gates for daily execution.,"design,productivity,optimization,checklist"
Design System Optimize Template,https://knowledge.bookmark-lite.dev/design-system/optimize/template,Design System assets for visual language consistency and reusable component patterns; helps teams improve efficiency and feedback loops continuously through reusable artifacts for consistent handoff and review.,"design,productivity,optimization,template"
Design System Optimize Metrics Deck,https://knowledge.bookmark-lite.dev/design-system/optimize/metrics,"Design System assets for visual language consistency and reusable component patterns; helps teams improve efficiency and feedback loops continuously through core KPIs, baselines, and trend interpretations.","design,productivity,optimization,metrics"
Security Compliance Planning Playbook,https://knowledge.bookmark-lite.dev/security-compliance/planning/playbook,"Security Compliance assets for risk reduction, controls, and audit readiness; helps teams define goals, constraints, and expected outcomes through structured decision flows and role responsibilities.","security,learning,strategy,playbook,governance"
Security Compliance Planning Checklist,https://knowledge.bookmark-lite.dev/security-compliance/planning/checklist,"Security Compliance assets for risk reduction, controls, and audit readiness; helps teams define goals, constraints, and expected outcomes through critical quality gates for daily execution.","security,learning,strategy,checklist,governance"
Security Compliance Planning Template,https://knowledge.bookmark-lite.dev/security-compliance/planning/template,"Security Compliance assets for risk reduction, controls, and audit readiness; helps teams define goals, constraints, and expected outcomes through reusable artifacts for consistent handoff and review.","security,learning,strategy,template,governance"
Security Compliance Planning Metrics Deck,https://knowledge.bookmark-lite.dev/security-compliance/planning/metrics,"Security Compliance assets for risk reduction, controls, and audit readiness; helps teams define goals, constraints, and expected outcomes through core KPIs, baselines, and trend interpretations.","security,learning,strategy,metrics,governance"
Security Compliance Build Playbook,https://knowledge.bookmark-lite.dev/security-compliance/build/playbook,"Security Compliance assets for risk reduction, controls, and audit readiness; helps teams implement workflows and engineering standards through structured decision flows and role responsibilities.","security,dev-tools,delivery,playbook,governance"
Security Compliance Build Checklist,https://knowledge.bookmark-lite.dev/security-compliance/build/checklist,"Security Compliance assets for risk reduction, controls, and audit readiness; helps teams implement workflows and engineering standards through critical quality gates for daily execution.","security,dev-tools,delivery,checklist,governance"
Security Compliance Build Template,https://knowledge.bookmark-lite.dev/security-compliance/build/template,"Security Compliance assets for risk reduction, controls, and audit readiness; helps teams implement workflows and engineering standards through reusable artifacts for consistent handoff and review.","security,dev-tools,delivery,template,governance"
Security Compliance Build Metrics Deck,https://knowledge.bookmark-lite.dev/security-compliance/build/metrics,"Security Compliance assets for risk reduction, controls, and audit readiness; helps teams implement workflows and engineering standards through core KPIs, baselines, and trend interpretations.","security,dev-tools,delivery,metrics,governance"
Security Compliance Launch Playbook,https://knowledge.bookmark-lite.dev/security-compliance/launch/playbook,"Security Compliance assets for risk reduction, controls, and audit readiness; helps teams review readiness and release controls through structured decision flows and role responsibilities.","security,cloud,release,playbook,governance"
Security Compliance Launch Checklist,https://knowledge.bookmark-lite.dev/security-compliance/launch/checklist,"Security Compliance assets for risk reduction, controls, and audit readiness; helps teams review readiness and release controls through critical quality gates for daily execution.","security,cloud,release,checklist,governance"
Security Compliance Launch Template,https://knowledge.bookmark-lite.dev/security-compliance/launch/template,"Security Compliance assets for risk reduction, controls, and audit readiness; helps teams review readiness and release controls through reusable artifacts for consistent handoff and review.","security,cloud,release,template,governance"
Security Compliance Launch Metrics Deck,https://knowledge.bookmark-lite.dev/security-compliance/launch/metrics,"Security Compliance assets for risk reduction, controls, and audit readiness; helps teams review readiness and release controls through core KPIs, baselines, and trend interpretations.","security,cloud,release,metrics,governance"
Security Compliance Operate Playbook,https://knowledge.bookmark-lite.dev/security-compliance/operate/playbook,"Security Compliance assets for risk reduction, controls, and audit readiness; helps teams run production operations and reliability routines through structured decision flows and role responsibilities.","security,cloud,operations,playbook,governance"
Security Compliance Operate Checklist,https://knowledge.bookmark-lite.dev/security-compliance/operate/checklist,"Security Compliance assets for risk reduction, controls, and audit readiness; helps teams run production operations and reliability routines through critical quality gates for daily execution.","security,cloud,operations,checklist,governance"
Security Compliance Operate Template,https://knowledge.bookmark-lite.dev/security-compliance/operate/template,"Security Compliance assets for risk reduction, controls, and audit readiness; helps teams run production operations and reliability routines through reusable artifacts for consistent handoff and review.","security,cloud,operations,template,governance"
Security Compliance Operate Metrics Deck,https://knowledge.bookmark-lite.dev/security-compliance/operate/metrics,"Security Compliance assets for risk reduction, controls, and audit readiness; helps teams run production operations and reliability routines through core KPIs, baselines, and trend interpretations.","security,cloud,operations,metrics,governance"
Security Compliance Optimize Playbook,https://knowledge.bookmark-lite.dev/security-compliance/optimize/playbook,"Security Compliance assets for risk reduction, controls, and audit readiness; helps teams improve efficiency and feedback loops continuously through structured decision flows and role responsibilities.","security,productivity,optimization,playbook,governance"
Security Compliance Optimize Checklist,https://knowledge.bookmark-lite.dev/security-compliance/optimize/checklist,"Security Compliance assets for risk reduction, controls, and audit readiness; helps teams improve efficiency and feedback loops continuously through critical quality gates for daily execution.","security,productivity,optimization,checklist,governance"
Security Compliance Optimize Template,https://knowledge.bookmark-lite.dev/security-compliance/optimize/template,"Security Compliance assets for risk reduction, controls, and audit readiness; helps teams improve efficiency and feedback loops continuously through reusable artifacts for consistent handoff and review.","security,productivity,optimization,template,governance"
Security Compliance Optimize Metrics Deck,https://knowledge.bookmark-lite.dev/security-compliance/optimize/metrics,"Security Compliance assets for risk reduction, controls, and audit readiness; helps teams improve efficiency and feedback loops continuously through core KPIs, baselines, and trend interpretations.","security,productivity,optimization,metrics,governance"
Cloud Operations Planning Playbook,https://knowledge.bookmark-lite.dev/cloud-operations/planning/playbook,"Cloud Operations assets for infrastructure resilience, observability, and incident response; helps teams define goals, constraints, and expected outcomes through structured decision flows and role responsibilities.","cloud,learning,strategy,playbook"
Cloud Operations Planning Checklist,https://knowledge.bookmark-lite.dev/cloud-operations/planning/checklist,"Cloud Operations assets for infrastructure resilience, observability, and incident response; helps teams define goals, constraints, and expected outcomes through critical quality gates for daily execution.","cloud,learning,strategy,checklist"
Cloud Operations Planning Template,https://knowledge.bookmark-lite.dev/cloud-operations/planning/template,"Cloud Operations assets for infrastructure resilience, observability, and incident response; helps teams define goals, constraints, and expected outcomes through reusable artifacts for consistent handoff and review.","cloud,learning,strategy,template"
Cloud Operations Planning Metrics Deck,https://knowledge.bookmark-lite.dev/cloud-operations/planning/metrics,"Cloud Operations assets for infrastructure resilience, observability, and incident response; helps teams define goals, constraints, and expected outcomes through core KPIs, baselines, and trend interpretations.","cloud,learning,strategy,metrics"
Cloud Operations Build Playbook,https://knowledge.bookmark-lite.dev/cloud-operations/build/playbook,"Cloud Operations assets for infrastructure resilience, observability, and incident response; helps teams implement workflows and engineering standards through structured decision flows and role responsibilities.","cloud,dev-tools,delivery,playbook"
Cloud Operations Build Checklist,https://knowledge.bookmark-lite.dev/cloud-operations/build/checklist,"Cloud Operations assets for infrastructure resilience, observability, and incident response; helps teams implement workflows and engineering standards through critical quality gates for daily execution.","cloud,dev-tools,delivery,checklist"
Cloud Operations Build Template,https://knowledge.bookmark-lite.dev/cloud-operations/build/template,"Cloud Operations assets for infrastructure resilience, observability, and incident response; helps teams implement workflows and engineering standards through reusable artifacts for consistent handoff and review.","cloud,dev-tools,delivery,template"
Cloud Operations Build Metrics Deck,https://knowledge.bookmark-lite.dev/cloud-operations/build/metrics,"Cloud Operations assets for infrastructure resilience, observability, and incident response; helps teams implement workflows and engineering standards through core KPIs, baselines, and trend interpretations.","cloud,dev-tools,delivery,metrics"
Cloud Operations Launch Playbook,https://knowledge.bookmark-lite.dev/cloud-operations/launch/playbook,"Cloud Operations assets for infrastructure resilience, observability, and incident response; helps teams review readiness and release controls through structured decision flows and role responsibilities.","cloud,security,release,playbook"
Cloud Operations Launch Checklist,https://knowledge.bookmark-lite.dev/cloud-operations/launch/checklist,"Cloud Operations assets for infrastructure resilience, observability, and incident response; helps teams review readiness and release controls through critical quality gates for daily execution.","cloud,security,release,checklist"
Cloud Operations Launch Template,https://knowledge.bookmark-lite.dev/cloud-operations/launch/template,"Cloud Operations assets for infrastructure resilience, observability, and incident response; helps teams review readiness and release controls through reusable artifacts for consistent handoff and review.","cloud,security,release,template"
Cloud Operations Launch Metrics Deck,https://knowledge.bookmark-lite.dev/cloud-operations/launch/metrics,"Cloud Operations assets for infrastructure resilience, observability, and incident response; helps teams review readiness and release controls through core KPIs, baselines, and trend interpretations.","cloud,security,release,metrics"
Cloud Operations Operate Playbook,https://knowledge.bookmark-lite.dev/cloud-operations/operate/playbook,"Cloud Operations assets for infrastructure resilience, observability, and incident response; helps teams run production operations and reliability routines through structured decision flows and role responsibilities.","cloud,backend,operations,playbook"
Cloud Operations Operate Checklist,https://knowledge.bookmark-lite.dev/cloud-operations/operate/checklist,"Cloud Operations assets for infrastructure resilience, observability, and incident response; helps teams run production operations and reliability routines through critical quality gates for daily execution.","cloud,backend,operations,checklist"
Cloud Operations Operate Template,https://knowledge.bookmark-lite.dev/cloud-operations/operate/template,"Cloud Operations assets for infrastructure resilience, observability, and incident response; helps teams run production operations and reliability routines through reusable artifacts for consistent handoff and review.","cloud,backend,operations,template"
Cloud Operations Operate Metrics Deck,https://knowledge.bookmark-lite.dev/cloud-operations/operate/metrics,"Cloud Operations assets for infrastructure resilience, observability, and incident response; helps teams run production operations and reliability routines through core KPIs, baselines, and trend interpretations.","cloud,backend,operations,metrics"
Cloud Operations Optimize Playbook,https://knowledge.bookmark-lite.dev/cloud-operations/optimize/playbook,"Cloud Operations assets for infrastructure resilience, observability, and incident response; helps teams improve efficiency and feedback loops continuously through structured decision flows and role responsibilities.","cloud,productivity,optimization,playbook"
Cloud Operations Optimize Checklist,https://knowledge.bookmark-lite.dev/cloud-operations/optimize/checklist,"Cloud Operations assets for infrastructure resilience, observability, and incident response; helps teams improve efficiency and feedback loops continuously through critical quality gates for daily execution.","cloud,productivity,optimization,checklist"
Cloud Operations Optimize Template,https://knowledge.bookmark-lite.dev/cloud-operations/optimize/template,"Cloud Operations assets for infrastructure resilience, observability, and incident response; helps teams improve efficiency and feedback loops continuously through reusable artifacts for consistent handoff and review.","cloud,productivity,optimization,template"
Cloud Operations Optimize Metrics Deck,https://knowledge.bookmark-lite.dev/cloud-operations/optimize/metrics,"Cloud Operations assets for infrastructure resilience, observability, and incident response; helps teams improve efficiency and feedback loops continuously through core KPIs, baselines, and trend interpretations.","cloud,productivity,optimization,metrics"
Enablement Knowledge Planning Playbook,https://knowledge.bookmark-lite.dev/enablement-knowledge/planning/playbook,"Enablement Knowledge assets for team onboarding, enablement, and knowledge transfer; helps teams define goals, constraints, and expected outcomes through structured decision flows and role responsibilities.","learning,productivity,strategy,playbook"
Enablement Knowledge Planning Checklist,https://knowledge.bookmark-lite.dev/enablement-knowledge/planning/checklist,"Enablement Knowledge assets for team onboarding, enablement, and knowledge transfer; helps teams define goals, constraints, and expected outcomes through critical quality gates for daily execution.","learning,productivity,strategy,checklist"
Enablement Knowledge Planning Template,https://knowledge.bookmark-lite.dev/enablement-knowledge/planning/template,"Enablement Knowledge assets for team onboarding, enablement, and knowledge transfer; helps teams define goals, constraints, and expected outcomes through reusable artifacts for consistent handoff and review.","learning,productivity,strategy,template"
Enablement Knowledge Planning Metrics Deck,https://knowledge.bookmark-lite.dev/enablement-knowledge/planning/metrics,"Enablement Knowledge assets for team onboarding, enablement, and knowledge transfer; helps teams define goals, constraints, and expected outcomes through core KPIs, baselines, and trend interpretations.","learning,productivity,strategy,metrics"
Enablement Knowledge Build Playbook,https://knowledge.bookmark-lite.dev/enablement-knowledge/build/playbook,"Enablement Knowledge assets for team onboarding, enablement, and knowledge transfer; helps teams implement workflows and engineering standards through structured decision flows and role responsibilities.","learning,dev-tools,delivery,playbook"
Enablement Knowledge Build Checklist,https://knowledge.bookmark-lite.dev/enablement-knowledge/build/checklist,"Enablement Knowledge assets for team onboarding, enablement, and knowledge transfer; helps teams implement workflows and engineering standards through critical quality gates for daily execution.","learning,dev-tools,delivery,checklist"
Enablement Knowledge Build Template,https://knowledge.bookmark-lite.dev/enablement-knowledge/build/template,"Enablement Knowledge assets for team onboarding, enablement, and knowledge transfer; helps teams implement workflows and engineering standards through reusable artifacts for consistent handoff and review.","learning,dev-tools,delivery,template"
Enablement Knowledge Build Metrics Deck,https://knowledge.bookmark-lite.dev/enablement-knowledge/build/metrics,"Enablement Knowledge assets for team onboarding, enablement, and knowledge transfer; helps teams implement workflows and engineering standards through core KPIs, baselines, and trend interpretations.","learning,dev-tools,delivery,metrics"
Enablement Knowledge Launch Playbook,https://knowledge.bookmark-lite.dev/enablement-knowledge/launch/playbook,"Enablement Knowledge assets for team onboarding, enablement, and knowledge transfer; helps teams review readiness and release controls through structured decision flows and role responsibilities.","learning,security,release,playbook"
Enablement Knowledge Launch Checklist,https://knowledge.bookmark-lite.dev/enablement-knowledge/launch/checklist,"Enablement Knowledge assets for team onboarding, enablement, and knowledge transfer; helps teams review readiness and release controls through critical quality gates for daily execution.","learning,security,release,checklist"
Enablement Knowledge Launch Template,https://knowledge.bookmark-lite.dev/enablement-knowledge/launch/template,"Enablement Knowledge assets for team onboarding, enablement, and knowledge transfer; helps teams review readiness and release controls through reusable artifacts for consistent handoff and review.","learning,security,release,template"
Enablement Knowledge Launch Metrics Deck,https://knowledge.bookmark-lite.dev/enablement-knowledge/launch/metrics,"Enablement Knowledge assets for team onboarding, enablement, and knowledge transfer; helps teams review readiness and release controls through core KPIs, baselines, and trend interpretations.","learning,security,release,metrics"
Enablement Knowledge Operate Playbook,https://knowledge.bookmark-lite.dev/enablement-knowledge/operate/playbook,"Enablement Knowledge assets for team onboarding, enablement, and knowledge transfer; helps teams run production operations and reliability routines through structured decision flows and role responsibilities.","learning,cloud,operations,playbook"
Enablement Knowledge Operate Checklist,https://knowledge.bookmark-lite.dev/enablement-knowledge/operate/checklist,"Enablement Knowledge assets for team onboarding, enablement, and knowledge transfer; helps teams run production operations and reliability routines through critical quality gates for daily execution.","learning,cloud,operations,checklist"
Enablement Knowledge Operate Template,https://knowledge.bookmark-lite.dev/enablement-knowledge/operate/template,"Enablement Knowledge assets for team onboarding, enablement, and knowledge transfer; helps teams run production operations and reliability routines through reusable artifacts for consistent handoff and review.","learning,cloud,operations,template"
Enablement Knowledge Operate Metrics Deck,https://knowledge.bookmark-lite.dev/enablement-knowledge/operate/metrics,"Enablement Knowledge assets for team onboarding, enablement, and knowledge transfer; helps teams run production operations and reliability routines through core KPIs, baselines, and trend interpretations.","learning,cloud,operations,metrics"
Enablement Knowledge Optimize Playbook,https://knowledge.bookmark-lite.dev/enablement-knowledge/optimize/playbook,"Enablement Knowledge assets for team onboarding, enablement, and knowledge transfer; helps teams improve efficiency and feedback loops continuously through structured decision flows and role responsibilities.","learning,productivity,optimization,playbook"
Enablement Knowledge Optimize Checklist,https://knowledge.bookmark-lite.dev/enablement-knowledge/optimize/checklist,"Enablement Knowledge assets for team onboarding, enablement, and knowledge transfer; helps teams improve efficiency and feedback loops continuously through critical quality gates for daily execution.","learning,productivity,optimization,checklist"
Enablement Knowledge Optimize Template,https://knowledge.bookmark-lite.dev/enablement-knowledge/optimize/template,"Enablement Knowledge assets for team onboarding, enablement, and knowledge transfer; helps teams improve efficiency and feedback loops continuously through reusable artifacts for consistent handoff and review.","learning,productivity,optimization,template"
Enablement Knowledge Optimize Metrics Deck,https://knowledge.bookmark-lite.dev/enablement-knowledge/optimize/metrics,"Enablement Knowledge assets for team onboarding, enablement, and knowledge transfer; helps teams improve efficiency and feedback loops continuously through core KPIs, baselines, and trend interpretations.","learning,productivity,optimization,metrics"
